{
    "scopeName": "text.md.wb-components",
    "patterns": [
        {
            "begin": "(:\\w+)\\{",
            "end": "\\}",
            "name": "meta.component.wb",
            "beginCaptures": {
                "1": { "name": "entity.name.tag.wb" }
            },
            "patterns": [
                {
                    "match": "(\\w+)\\s*=",
                    "name": "entity.other.attribute-name.wb"
                },
                {
                    "match": "\"(.*?)\"|'(.*?)'",
                    "name": "string.quoted.wb"
                },
                {
                    "match": "\\[([^\\]]+)\\]",
                    "name": "constant.array.wb"
                }
            ]
        }
    ]
}