{
    "WB Heading 2": {
        "prefix": "wb-h2",
        "body": "## ${1:Заголовок 2}",
        "description": "Заголовок 2 уровня"
    },
    "WB Heading 3": {
        "prefix": "wb-h3",
        "body": "### ${1:Заголовок 3}",
        "description": "Заголовок 3 уровня"
    },
    "WB List Unordered": {
        "prefix": "wb-list-ul",
        "body": [
            "- ${1:Пункт 1}",
            "- ${2:Пункт 2}",
            "- ${3:Пункт 3}"
        ],
        "description": "Маркированный список (3 пункта)"
    },
    "WB List Ordered": {
        "prefix": "wb-list-ol",
        "body": [
            "1. ${1:Пункт 1}",
            "2. ${2:Пункт 2}",
            "3. ${3:Пункт 3}"
        ],
        "description": "Нумерованный список (3 пункта)"
    },
    "WB Link": {
        "prefix": "wb-link",
        "body": "[${1:текст}](https://${2:example.com})",
        "description": "Стандартная ссылка"
    },
    "WB Component Photo": {
        "prefix": "wb-comp-photo",
        "body": [
            ":photo{",
            "  src=\"${1:URL}\"",
            "  ${2:caption=\"\"}",
            "  ${3:width=\"300px\"}",
            "  ${4:float=\"${5|right,left,center|}\"}",
            "}"
        ],
        "description": "Компонент фото. caption можно не указывать"
    },
    "WB Component Gallery": {
        "prefix": "wb-comp-gallery",
        "body": [
            ":gallery{",
            "  :data='[",
            "    [\"${1:URL}\", \"${2:Подпись}\"],",
            "    [\"${3:URL}\", \"${4:Подпись}\"],",
            "    [\"${5:URL}\", \"${6:Подпись}\"],",
            "    [\"${7:URL}\", \"${8:Подпись}\"],",
            "    [\"${9:URL}\", \"${10:Подпись}\"],",
            "    [\"${11:URL}\", \"${12:Подпись}\"],",
            "    [\"${13:URL}\", \"${14:Подпись}\"],",
            "    [\"${15:URL}\", \"${16:Подпись}\"],",
            "    [\"${17:URL}\", \"${18:Подпись}\"],",
            "    [\"${19:URL}\", \"${20:Подпись}\"]$0",
            "  ]'",
            "}"
        ],
        "description": "Галерея изображений. Подпись можно не указывать."
    },
    "WB Component Video": {
        "prefix": "wb-comp-video",
        "body": [
            ":video-player{",
            "  url=\"${1:URL}\"",
            "  ${2:width=\"500px\"}",
            "  ${3:height=\"280px\"}",
            "  ${4:float=\"${5|left,right|}\"}",
            "  ${6:cover=\"\"}",
            "}"
        ],
        "description": "Видеоплеер."
    },
    "WB Component Video Gallery": {
        "prefix": "wb-comp-video-gallery",
        "body": [
            ":video-gallery{",
            "  :data='[",
            "    [\"${1:URL}\", \"${2:Подпись}\", \"${3:Обложка}\"]",
            "    [\"${4:URL}\", \"${5:Подпись}\", \"${6:Обложка}\"]",
            "    [\"${7:URL}\", \"${8:Подпись}\", \"${9:Обложка}\"]",
            "    [\"${10:URL}\", \"${11:Подпись}\", \"${12:Обложка}\"]",
            "    [\"${13:URL}\", \"${14:Подпись}\", \"${15:Обложка}\"]",
            "    [\"${16:URL}\", \"${17:Подпись}\", \"${18:Обложка}\"]$0",
            "  ]'",
            "}"
        ],
        "description": "Видеогалерея. Подись можно не указывать."
    },
    "WB Article Template": {
        "prefix": "wb-md-article",
        "body": [
            "---",
            "title: \"${1:Лаконичный заголовок}\"",
            "cover: \"${2:my_article/my_article.jpg}\"",
            "date: \"${3:2023-11-15}\"",
            "category: \"${4:educational}\"",
            "author: \"${5:Команда Wiren Board}\"",
            "---",
            "",
            "[Список категорий для статей (посмотреть и удалить)](../../../common/article_categories.ts)",
            "[Справочник по синтаксису (посмотреть и удалить)](../../../doc/syntax.md)",
            "",
            "## ${6:Заголовок 2}",
            "${7:Текст статьи}",
            "",
            "### ${8:Подзаголовок 3}",
            "${9:Дополнительный текст}",
            "",
            "## ${10:Заголовок 2}",
            "${11:Текст статьи}",
            "",
            "### ${12:Подзаголовок 3}",
            "${13:Дополнительный текст}"
        ],
        "description": "Шаблон статьи с ссылками и структурой из 2 разделов"
    },
    "WB Article Link Template": {
        "prefix": "wb-md-article-link",
        "body": [
            "---",
            "title: \"${1:Лаконичный заголовок}\"",
            "cover: \"${2:my_article/my_article.jpg}\"",
            "date: \"${3:2023-11-15}\"",
            "category: \"${4:educational}\"",
            "---",
            "",
            "[Список категорий для статей (посмотреть и удалить)](../../../common/article_categories.ts)"
        ],
        "description": "Шаблон ссылки на статью, например, на Хабр"
    },
    "WB Solution Template": {
        "prefix": "wb-md-solution",
        "body": [
            "---",
            "title: \"${1:Лаконичный заголовок}\"",
            "cover: \"${2:my_solution/my_solution.jpg}\"",
            "date: \"${3:2023-01-21}\"",
            "category: \"${4:shops_restaurants_monitoring}\"",
            "---",
            "",
            "[Список категорий для решений (посмотреть и удалить)](../../../common/solution_categories.ts)",
            "[Справочник по синтаксису (посмотреть и удалить)](../../../doc/syntax.md)",
            "",
            "## ${5:О компании}",
            "${6:Краткое описание компании и её деятельности}",
            "",
            "## ${7:Задачи и проблемы}",
            "${8:Основные вызовы, с которыми столкнулся клиент}",
            "",
            "## ${9:Решение}",
            "${10:Описание реализованного решения и его ключевых компонентов}",
            "",
            "## Преимущества",
            "",
            "## Дополнительные материалы"
        ],
        "description": "Шаблон внедрения с разделами Преимущества и Дополнительные материалы"
    },
    "WB Integrator Template": {
        "prefix": "wb-md-integrator",
        "body": [
            "---",
            "district: \"${1|volga,msk,spb,ural,siberia,far_east|}\"",
            "tags: \"${2|smart_home,real_estate,automation,retail,data_center|}\"",
            "coordinates: [${3:55.824274}, ${4:49.196404}]",
            "title: \"${5:Название интегратора}\"",
            "logo: \"${6:my_integrator/logo.png}\"",
            "phone: \"${7:74993227329}\"",
            "website: \"https://${8:example.com}\"",
            "email: \"${9:contact@example.com}\"",
            "---",
            "",
            "${10:Описание компании в формате Markdown}"
        ],
        "description": "Шаблон карточки интегратора"
    },
    "WB Partner Template": {
        "prefix": "wb-md-partner",
        "body": [
            "---",
            "title: \"${1:Название партнёра}\"",
            "logo: \"${2:my_partner/logo.png}\"",
            "phone: \"${3:74993227329}\"",
            "website: \"https://${4:example.com}\"",
            "email: \"${5:contact@example.com}\"",
            "---",
            "",
            "${6:Описание компании в формате Markdown}"
        ],
        "description": "Шаблон карточки партнёра"
    },
    "WB Page Template": {
        "prefix": "wb-md-page",
        "body": [
            "---",
            "title: \"${1:Заголовок страницы}\"",
            "---",
            "",
            "[Справочник по синтаксису (посмотреть и удалить)](../../../doc/syntax.md)",
            "",
            "## ${2:Подзаголовок}",
            "${3:Основной текст}",
            "",
            "### ${4:Подподзаголовок}",
            "${5:Дополнительный текст}"
        ],
        "description": "Шаблон произвольной страницы с базовой структурой"
    },
    "WB Vacancy Template": {
        "prefix": "wb-md-vacancy",
        "body": [
            "---",
            "actual: ${1:true/false}",
            "---",
            "",
            "::vacancy",
            "#title",
            "${2:Название вакансии}",
            "#salary",
            "${3:Зарплатная вилка (например 170 000 — 300 000 ₽/мес)}",
            "#description",
            "${4:Базовое описание вакансии}",
            "#goals",
            "${5:Задачи кандидата}",
            "* ${6:Пункт 1}",
            "* ${7:Пункт 2}",
            "#requirements",
            "${8:Основные требования}",
            "* ${9:Пункт 1}",
            "* ${10:Пункт 2}",
            "#advantage",
            "${11:Дополнительные плюсы}",
            "* ${12:Пункт 1}",
            "* ${13:Пункт 2}",
            "#conditions",
            "${14:Условия работы}",
            "* ${15:Пункт 1}",
            "* ${16:Пункт 2}",
            "::"
        ],
        "description": "Шаблон вакансии с обязательными разделами"
    },
    "WB Video Template": {
        "prefix": "wb-md-video",
        "body": [
            "---",
            "title: \"${1:Лаконичный заголовок}\"",
            "url: \"${2:URL}\"",
            "date: \"${3:2023-01-21}\"",
            "category: \"${4:educational}\"",
            "cover: \"${5:my_video/my_video.webp}\"",
            "---",
            "",
            "[Список категорий для видео (посмотреть и удалить)](../../../common/video_categories.ts)",
            "[Справочник по синтаксису (посмотреть и удалить)](../../../doc/syntax.md)"
        ],
        "description": "Шаблон карточки видео с обязательными метаданными"
    }
}